[{"jid":"6287870539500@s.whatsapp.net","xp":103371,"level":5},{"jid":"62895322225793@s.whatsapp.net","xp":46412,"level":4},{"jid":"6283193666860@s.whatsapp.net","xp":8056,"level":2},{"jid":"6285342977751@s.whatsapp.net","xp":5552,"level":2},{"jid":"628165466368@s.whatsapp.net","xp":72155,"level":4},{"jid":"62895705818311@s.whatsapp.net","xp":508,"level":1},{"jid":"628976462146@s.whatsapp.net","xp":25724,"level":3},{"jid":"6283841915877@s.whatsapp.net","xp":2016,"level":1},{"jid":"994405939778@s.whatsapp.net","xp":30275,"level":3},{"jid":"62818611171@s.whatsapp.net","xp":1013,"level":1},{"jid":"6282283705026@s.whatsapp.net","xp":34281,"level":3},{"jid":"6281229846680@s.whatsapp.net","xp":5033,"level":2},{"jid":"628889288906@s.whatsapp.net","xp":2020,"level":1},{"jid":"6282271431988@s.whatsapp.net","xp":10069,"level":2},{"jid":"628876187336@s.whatsapp.net","xp":3034,"level":1},{"jid":"6289623500206@s.whatsapp.net","xp":19190,"level":3},{"jid":"6285656632347@s.whatsapp.net","xp":2517,"level":1},{"jid":"62895604180438@s.whatsapp.net","xp":31788,"level":3},{"jid":"6285755181847@s.whatsapp.net","xp":504,"level":1},{"jid":"6283132653031@s.whatsapp.net","xp":57044,"level":4},{"jid":"6281548933971@s.whatsapp.net","xp":510,"level":1},{"jid":"6281223082586@s.whatsapp.net","xp":49478,"level":4},{"jid":"6289512969077@s.whatsapp.net","xp":57001,"level":4},{"jid":"6288747845562@s.whatsapp.net","xp":7061,"level":2},{"jid":"6282210238895@s.whatsapp.net","xp":4043,"level":1},{"jid":"6282293317269@s.whatsapp.net","xp":503,"level":1},{"jid":"6283157143283@s.whatsapp.net","xp":9605,"level":2},{"jid":"923092726185@s.whatsapp.net","xp":505,"level":1},{"jid":"6285263085598@s.whatsapp.net","xp":5558,"level":2},{"jid":"6282347799146@s.whatsapp.net","xp":2027,"level":1},{"jid":"6282125779563@s.whatsapp.net","xp":5549,"level":2},{"jid":"6289531904422@s.whatsapp.net","xp":1013,"level":1},{"jid":"6288226887042@s.whatsapp.net","xp":2027,"level":1},{"jid":"62895617377007@s.whatsapp.net","xp":5541,"level":2},{"jid":"6282138297586@s.whatsapp.net","xp":2525,"level":1},{"jid":"6285772526036@s.whatsapp.net","xp":3536,"level":1},{"jid":"6283160539156@s.whatsapp.net","xp":12602,"level":2},{"jid":"6285817440310@s.whatsapp.net","xp":509,"level":1},{"jid":"6283809676439@s.whatsapp.net","xp":1009,"level":1},{"jid":"6285709015017@s.whatsapp.net","xp":7052,"level":2},{"jid":"6285657202740@s.whatsapp.net","xp":509,"level":1},{"jid":"6285213054421@s.whatsapp.net","xp":13614,"level":2},{"jid":"6283123243896@s.whatsapp.net","xp":5051,"level":2},{"jid":"6282176333128@s.whatsapp.net","xp":6564,"level":2},{"jid":"6282157849478@s.whatsapp.net","xp":509,"level":1},{"jid":"6283126300361@s.whatsapp.net","xp":508,"level":1},{"jid":"6288212133051@s.whatsapp.net","xp":1016,"level":1},{"jid":"628984214099@s.whatsapp.net","xp":502,"level":1},{"jid":"6289671740447@s.whatsapp.net","xp":5044,"level":2},{"jid":"6281932134813@s.whatsapp.net","xp":2028,"level":1},{"jid":"6282215158924@s.whatsapp.net","xp":504,"level":1},{"jid":"6282246406939@s.whatsapp.net","xp":2523,"level":1},{"jid":"6283869788723@s.whatsapp.net","xp":1007,"level":1},{"jid":"6287812715179@s.whatsapp.net","xp":1010,"level":1},{"jid":"6289529325651@s.whatsapp.net","xp":4541,"level":1},{"jid":"6281524523524@s.whatsapp.net","xp":13123,"level":2},{"jid":"62895605444206@s.whatsapp.net","xp":7056,"level":2},{"jid":"6289531062087@s.whatsapp.net","xp":507,"level":1},{"jid":"6288801218995@s.whatsapp.net","xp":8564,"level":2},{"jid":"6281291489058@s.whatsapp.net","xp":19685,"level":3},{"jid":"6285733316259@s.whatsapp.net","xp":1010,"level":1},{"jid":"6282113284144@s.whatsapp.net","xp":48908,"level":4},{"jid":"12348884060@s.whatsapp.net","xp":12621,"level":2},{"jid":"6281254734172@s.whatsapp.net","xp":24732,"level":3},{"jid":"6288279126639@s.whatsapp.net","xp":20192,"level":3},{"jid":"6282144754582@s.whatsapp.net","xp":7568,"level":2},{"jid":"6282281832710@s.whatsapp.net","xp":6057,"level":2},{"jid":"6281278498036@s.whatsapp.net","xp":8079,"level":2},{"jid":"6289630267388@s.whatsapp.net","xp":7581,"level":2},{"jid":"6281355713640@s.whatsapp.net","xp":91798,"level":5},{"jid":"6283876925589@s.whatsapp.net","xp":502,"level":1},{"jid":"6283896932795@s.whatsapp.net","xp":507,"level":1},{"jid":"6282219773038@s.whatsapp.net","xp":504,"level":1},{"jid":"6285343598246@s.whatsapp.net","xp":46883,"level":4},{"jid":"6283183498879@s.whatsapp.net","xp":8598,"level":2},{"jid":"62859166083038@s.whatsapp.net","xp":20180,"level":3},{"jid":"6288214855712@s.whatsapp.net","xp":4543,"level":1},{"jid":"6282195626549@s.whatsapp.net","xp":18147,"level":3},{"jid":"6285730259314@s.whatsapp.net","xp":2519,"level":1},{"jid":"6289512955497@s.whatsapp.net","xp":51937,"level":4},{"jid":"6283104328414@s.whatsapp.net","xp":2015,"level":1},{"jid":"6285270904392@s.whatsapp.net","xp":89332,"level":5},{"jid":"62895380154728@s.whatsapp.net","xp":1011,"level":1},{"jid":"6288279885625@s.whatsapp.net","xp":3037,"level":1},{"jid":"6282282871609@s.whatsapp.net","xp":1006,"level":1},{"jid":"6281299899108@s.whatsapp.net","xp":14107,"level":2},{"jid":"6281298880272@s.whatsapp.net","xp":510,"level":1},{"jid":"6281221668153@s.whatsapp.net","xp":22658,"level":3},{"jid":"6283862790097@s.whatsapp.net","xp":1516,"level":1},{"jid":"6285244882621@s.whatsapp.net","xp":506,"level":1},{"jid":"62895323496683@s.whatsapp.net","xp":6039,"level":2},{"jid":"6281236096499@s.whatsapp.net","xp":1015,"level":1},{"jid":"6281393446140@s.whatsapp.net","xp":1523,"level":1},{"jid":"6281342497473@s.whatsapp.net","xp":9591,"level":2},{"jid":"17729465275@s.whatsapp.net","xp":26272,"level":3},{"jid":"6285751715516@s.whatsapp.net","xp":19135,"level":3},{"jid":"6282110963675@s.whatsapp.net","xp":1512,"level":1},{"jid":"6285342383719@s.whatsapp.net","xp":14620,"level":2},{"jid":"6282391948179@s.whatsapp.net","xp":11109,"level":2},{"jid":"6287734850935@s.whatsapp.net","xp":1517,"level":1},{"jid":"6281522890397@s.whatsapp.net","xp":8084,"level":2},{"jid":"6285298607679@s.whatsapp.net","xp":1001,"level":1},{"jid":"6285920673367@s.whatsapp.net","xp":9589,"level":2},{"jid":"6281284876066@s.whatsapp.net","xp":506,"level":1},{"jid":"6283899985839@s.whatsapp.net","xp":35829,"level":4},{"jid":"6281314210490@s.whatsapp.net","xp":13101,"level":2},{"jid":"6285777064675@s.whatsapp.net","xp":12096,"level":2},{"jid":"6281282045588@s.whatsapp.net","xp":25726,"level":3},{"jid":"6281226406378@s.whatsapp.net","xp":19154,"level":3},{"jid":"6287895846208@s.whatsapp.net","xp":2520,"level":1},{"jid":"6283829686293@s.whatsapp.net","xp":34824,"level":3},{"jid":"6281325269047@s.whatsapp.net","xp":77681,"level":5},{"jid":"6285892848190@s.whatsapp.net","xp":2516,"level":1},{"jid":"6285731882242@s.whatsapp.net","xp":4535,"level":1},{"jid":"6282224025945@s.whatsapp.net","xp":3521,"level":1},{"jid":"6282350169098@s.whatsapp.net","xp":508,"level":1},{"jid":"6282127112347@s.whatsapp.net","xp":1521,"level":1},{"jid":"628887521048@s.whatsapp.net","xp":44370,"level":4},{"jid":"6282299367768@s.whatsapp.net","xp":3531,"level":1},{"jid":"6285697662826@s.whatsapp.net","xp":1009,"level":1},{"jid":"6289604092390@s.whatsapp.net","xp":2514,"level":1},{"jid":"6281241883796@s.whatsapp.net","xp":52927,"level":4},{"jid":"6285866244966@s.whatsapp.net","xp":508,"level":1},{"jid":"6288238951173@s.whatsapp.net","xp":13611,"level":2},{"jid":"6281280202193@s.whatsapp.net","xp":1515,"level":1},{"jid":"6283107249407@s.whatsapp.net","xp":2013,"level":1},{"jid":"6285745821446@s.whatsapp.net","xp":1009,"level":1},{"jid":"6282237721802@s.whatsapp.net","xp":1510,"level":1},{"jid":"6288747916796@s.whatsapp.net","xp":2527,"level":1},{"jid":"6282157593669@s.whatsapp.net","xp":4545,"level":1},{"jid":"62895395145373@s.whatsapp.net","xp":3027,"level":1},{"jid":"62895703088642@s.whatsapp.net","xp":2019,"level":1},{"jid":"6289508324651@s.whatsapp.net","xp":14141,"level":2},{"jid":"6285624125945@s.whatsapp.net","xp":504,"level":1},{"jid":"6289668318829@s.whatsapp.net","xp":1516,"level":1},{"jid":"6288224619135@s.whatsapp.net","xp":3527,"level":1},{"jid":"6281314679764@s.whatsapp.net","xp":1518,"level":1},{"jid":"6285696403405@s.whatsapp.net","xp":4037,"level":1},{"jid":"6281372512148@s.whatsapp.net","xp":1016,"level":1},{"jid":"6282259992241@s.whatsapp.net","xp":1519,"level":1},{"jid":"6282193168752@s.whatsapp.net","xp":6068,"level":2},{"jid":"6282260793857@s.whatsapp.net","xp":2024,"level":1},{"jid":"6282322173060@s.whatsapp.net","xp":58984,"level":4},{"jid":"6281221612309@s.whatsapp.net","xp":7578,"level":2},{"jid":"62895323066116@s.whatsapp.net","xp":3033,"level":1},{"jid":"6289614337889@s.whatsapp.net","xp":13122,"level":2},{"jid":"6282141404209@s.whatsapp.net","xp":8569,"level":2},{"jid":"6283806634053@s.whatsapp.net","xp":1011,"level":1},{"jid":"6289625176924@s.whatsapp.net","xp":34316,"level":3},{"jid":"6289685076600@s.whatsapp.net","xp":23706,"level":3},{"jid":"6283873515071@s.whatsapp.net","xp":1512,"level":1},{"jid":"6285880563270@s.whatsapp.net","xp":59052,"level":4},{"jid":"6287890003945@s.whatsapp.net","xp":505,"level":1},{"jid":"6283132794715@s.whatsapp.net","xp":3545,"level":1},{"jid":"6283155832051@s.whatsapp.net","xp":8573,"level":2},{"jid":"6285817257834@s.whatsapp.net","xp":2021,"level":1},{"jid":"6289635617468@s.whatsapp.net","xp":510,"level":1},{"jid":"6285840494883@s.whatsapp.net","xp":22694,"level":3},{"jid":"6285785456153@s.whatsapp.net","xp":1007,"level":1},{"jid":"6282236057103@s.whatsapp.net","xp":2018,"level":1},{"jid":"15095604559@s.whatsapp.net","xp":1504,"level":1},{"jid":"6281224741058@s.whatsapp.net","xp":3545,"level":1},{"jid":"6281242508372@s.whatsapp.net","xp":28742,"level":3},{"jid":"6288211289798@s.whatsapp.net","xp":3540,"level":1},{"jid":"6285788193529@s.whatsapp.net","xp":3036,"level":1},{"jid":"6282116190792@s.whatsapp.net","xp":2027,"level":1},{"jid":"6285742182474@s.whatsapp.net","xp":12644,"level":2},{"jid":"6285369541005@s.whatsapp.net","xp":502,"level":1},{"jid":"62895808805300@s.whatsapp.net","xp":1510,"level":1},{"jid":"6283846289587@s.whatsapp.net","xp":1517,"level":1},{"jid":"6281291414138@s.whatsapp.net","xp":14146,"level":2},{"jid":"6282167370305@s.whatsapp.net","xp":502,"level":1},{"jid":"6288296651675@s.whatsapp.net","xp":1016,"level":1},{"jid":"6287712486034@s.whatsapp.net","xp":5547,"level":2},{"jid":"628892114620@s.whatsapp.net","xp":57491,"level":4},{"jid":"6282144216451@s.whatsapp.net","xp":1511,"level":1},{"jid":"6288292147872@s.whatsapp.net","xp":10581,"level":2},{"jid":"628871329221@s.whatsapp.net","xp":133128,"level":5},{"jid":"6285784952920@s.whatsapp.net","xp":504,"level":1},{"jid":"6289517981242@s.whatsapp.net","xp":2518,"level":1},{"jid":"6281263227501@s.whatsapp.net","xp":31751,"level":3},{"jid":"6289526011725@s.whatsapp.net","xp":12114,"level":2},{"jid":"628557231695@s.whatsapp.net","xp":3525,"level":1},{"jid":"6287761519092@s.whatsapp.net","xp":504,"level":1},{"jid":"6285338586304@s.whatsapp.net","xp":503,"level":1},{"jid":"6285703279535@s.whatsapp.net","xp":1013,"level":1},{"jid":"62895610019889@s.whatsapp.net","xp":1005,"level":1},{"jid":"6285806708886@s.whatsapp.net","xp":3037,"level":1},{"jid":"6285781028060@s.whatsapp.net","xp":22209,"level":3},{"jid":"6288215677589@s.whatsapp.net","xp":501,"level":1},{"jid":"6281220789717@s.whatsapp.net","xp":4534,"level":1},{"jid":"6285740280474@s.whatsapp.net","xp":2526,"level":1},{"jid":"6281242454449@s.whatsapp.net","xp":505,"level":1},{"jid":"6283808849878@s.whatsapp.net","xp":6537,"level":2},{"jid":"62895391428686@s.whatsapp.net","xp":1012,"level":1},{"jid":"6285242877868@s.whatsapp.net","xp":1015,"level":1},{"jid":"6281914590452@s.whatsapp.net","xp":25726,"level":3},{"jid":"6282376961006@s.whatsapp.net","xp":506,"level":1},{"jid":"62895704374278@s.whatsapp.net","xp":506,"level":1},{"jid":"6282126403764@s.whatsapp.net","xp":2540,"level":1},{"jid":"6283129468807@s.whatsapp.net","xp":25745,"level":3},{"jid":"6289635761481@s.whatsapp.net","xp":508,"level":1},{"jid":"6282259929069@s.whatsapp.net","xp":30267,"level":3},{"jid":"6287879430409@s.whatsapp.net","xp":9084,"level":2},{"jid":"628985249849@s.whatsapp.net","xp":5049,"level":2},{"jid":"6281236678449@s.whatsapp.net","xp":1018,"level":1},{"jid":"628875417620@s.whatsapp.net","xp":18675,"level":3},{"jid":"6288296807793@s.whatsapp.net","xp":15644,"level":3},{"jid":"6281517513554@s.whatsapp.net","xp":2023,"level":1},{"jid":"6285314310616@s.whatsapp.net","xp":7575,"level":2},{"jid":"6285327211959@s.whatsapp.net","xp":505,"level":1},{"jid":"6285806935507@s.whatsapp.net","xp":1515,"level":1},{"jid":"6282114499086@s.whatsapp.net","xp":509,"level":1},{"jid":"6289635813121@s.whatsapp.net","xp":4539,"level":1},{"jid":"6281908355413@s.whatsapp.net","xp":501,"level":1},{"jid":"6283842943832@s.whatsapp.net","xp":3519,"level":1},{"jid":"6281287349835@s.whatsapp.net","xp":2033,"level":1},{"jid":"6282233578348@s.whatsapp.net","xp":10080,"level":2},{"jid":"6285244511113@s.whatsapp.net","xp":11106,"level":2},{"jid":"601170260437@s.whatsapp.net","xp":6540,"level":2},{"jid":"62895403022228@s.whatsapp.net","xp":2019,"level":1},{"jid":"6281275968705@s.whatsapp.net","xp":1522,"level":1},{"jid":"6285732083690@s.whatsapp.net","xp":1008,"level":1},{"jid":"6289527524228@s.whatsapp.net","xp":2017,"level":1},{"jid":"6285695595695@s.whatsapp.net","xp":503,"level":1},{"jid":"6282193085026@s.whatsapp.net","xp":20192,"level":3},{"jid":"6285333229622@s.whatsapp.net","xp":2532,"level":1},{"jid":"6282217527831@s.whatsapp.net","xp":19644,"level":3},{"jid":"6281256914485@s.whatsapp.net","xp":16660,"level":3},{"jid":"6289699743508@s.whatsapp.net","xp":507,"level":1},{"jid":"6283150136375@s.whatsapp.net","xp":2022,"level":1},{"jid":"6285224872433@s.whatsapp.net","xp":9090,"level":2},{"jid":"6285797218187@s.whatsapp.net","xp":509,"level":1},{"jid":"6281237530059@s.whatsapp.net","xp":19678,"level":3},{"jid":"628993837779@s.whatsapp.net","xp":2022,"level":1},{"jid":"62881024756006@s.whatsapp.net","xp":4038,"level":1},{"jid":"6285267080624@s.whatsapp.net","xp":28273,"level":3},{"jid":"62895331370015@s.whatsapp.net","xp":1004,"level":1},{"jid":"6281907376153@s.whatsapp.net","xp":10591,"level":2},{"jid":"6282179728537@s.whatsapp.net","xp":21711,"level":3},{"jid":"6285700411435@s.whatsapp.net","xp":503,"level":1},{"jid":"6282120832412@s.whatsapp.net","xp":1514,"level":1},{"jid":"6281316105119@s.whatsapp.net","xp":1010,"level":1},{"jid":"62895622723285@s.whatsapp.net","xp":1506,"level":1},{"jid":"6281332104931@s.whatsapp.net","xp":4545,"level":1},{"jid":"628988250178@s.whatsapp.net","xp":1012,"level":1},{"jid":"19495409367@s.whatsapp.net","xp":3534,"level":1},{"jid":"6289524150845@s.whatsapp.net","xp":1516,"level":1},{"jid":"6285741957182@s.whatsapp.net","xp":6556,"level":2},{"jid":"6288239014789@s.whatsapp.net","xp":3022,"level":1},{"jid":"6285802875331@s.whatsapp.net","xp":3538,"level":1},{"jid":"6289509509986@s.whatsapp.net","xp":4556,"level":1},{"jid":"6282387288047@s.whatsapp.net","xp":2524,"level":1},{"jid":"6282359195768@s.whatsapp.net","xp":1514,"level":1},{"jid":"6285961559037@s.whatsapp.net","xp":8570,"level":2},{"jid":"6285825434479@s.whatsapp.net","xp":11120,"level":2},{"jid":"6285890551186@s.whatsapp.net","xp":3020,"level":1},{"jid":"6281313441101@s.whatsapp.net","xp":1009,"level":1},{"jid":"6288298037569@s.whatsapp.net","xp":509,"level":1},{"jid":"6281264021633@s.whatsapp.net","xp":2021,"level":1},{"jid":"6285774385221@s.whatsapp.net","xp":19657,"level":3},{"jid":"6285363862592@s.whatsapp.net","xp":509,"level":1},{"jid":"6282335123340@s.whatsapp.net","xp":507,"level":1},{"jid":"6285823010500@s.whatsapp.net","xp":1512,"level":1},{"jid":"628987351166@s.whatsapp.net","xp":504,"level":1},{"jid":"6288274042867@s.whatsapp.net","xp":4036,"level":1},{"jid":"6281392143750@s.whatsapp.net","xp":508,"level":1},{"jid":"6282193895710@s.whatsapp.net","xp":501,"level":1},{"jid":"6282146132457@s.whatsapp.net","xp":4548,"level":1},{"jid":"6282135555481@s.whatsapp.net","xp":503,"level":1},{"jid":"6285781684708@s.whatsapp.net","xp":3032,"level":1},{"jid":"6281262661660@s.whatsapp.net","xp":4048,"level":1},{"jid":"6283155523314@s.whatsapp.net","xp":1517,"level":1},{"jid":"6288744949064@s.whatsapp.net","xp":1505,"level":1},{"jid":"6281214421992@s.whatsapp.net","xp":501,"level":1},{"jid":"6288225783724@s.whatsapp.net","xp":7570,"level":2},{"jid":"6285933073541@s.whatsapp.net","xp":1010,"level":1},{"jid":"6289603883522@s.whatsapp.net","xp":9587,"level":2},{"jid":"6288214059652@s.whatsapp.net","xp":5556,"level":2},{"jid":"6282167111177@s.whatsapp.net","xp":2013,"level":1},{"jid":"6281288542349@s.whatsapp.net","xp":2008,"level":1},{"jid":"6282181091601@s.whatsapp.net","xp":8073,"level":2},{"jid":"62895097567750@s.whatsapp.net","xp":1014,"level":1},{"jid":"6281362039542@s.whatsapp.net","xp":4040,"level":1},{"jid":"6281466829969@s.whatsapp.net","xp":501,"level":1},{"jid":"6281933929031@s.whatsapp.net","xp":1010,"level":1},{"jid":"6281385641100@s.whatsapp.net","xp":2521,"level":1},{"jid":"6283197485250@s.whatsapp.net","xp":1009,"level":1},{"jid":"6282286737721@s.whatsapp.net","xp":501,"level":1},{"jid":"62895622339520@s.whatsapp.net","xp":501,"level":1},{"jid":"6281802707149@s.whatsapp.net","xp":507,"level":1},{"jid":"6285215471741@s.whatsapp.net","xp":502,"level":1},{"jid":"6283151408350@s.whatsapp.net","xp":1510,"level":1},{"jid":"6289699745711@s.whatsapp.net","xp":1012,"level":1},{"jid":"6281232346295@s.whatsapp.net","xp":1012,"level":1},{"jid":"6282130273119@s.whatsapp.net","xp":505,"level":1},{"jid":"6282273661541@s.whatsapp.net","xp":21182,"level":3},{"jid":"6282129162880@s.whatsapp.net","xp":1012,"level":1},{"jid":"62895338125459@s.whatsapp.net","xp":3020,"level":1},{"jid":"6281388696434@s.whatsapp.net","xp":3523,"level":1},{"jid":"6285299182844@s.whatsapp.net","xp":1008,"level":1},{"jid":"6281214907084@s.whatsapp.net","xp":4044,"level":1},{"jid":"6283152152867@s.whatsapp.net","xp":508,"level":1},{"jid":"6285885535755@s.whatsapp.net","xp":501,"level":1},{"jid":"6287885761798@s.whatsapp.net","xp":1008,"level":1},{"jid":"62895322203613@s.whatsapp.net","xp":1520,"level":1},{"jid":"6281327677479@s.whatsapp.net","xp":14140,"level":2},{"jid":"6281378448570@s.whatsapp.net","xp":510,"level":1},{"jid":"6287720289740@s.whatsapp.net","xp":1013,"level":1},{"jid":"6289516792450@s.whatsapp.net","xp":507,"level":1},{"jid":"6288233527580@s.whatsapp.net","xp":1520,"level":1},{"jid":"6289516569286@s.whatsapp.net","xp":505,"level":1},{"jid":"6289654845749@s.whatsapp.net","xp":507,"level":1},{"jid":"62895376448353@s.whatsapp.net","xp":1508,"level":1},{"jid":"6282113825969@s.whatsapp.net","xp":509,"level":1},{"jid":"6285260188002@s.whatsapp.net","xp":510,"level":1},{"jid":"6283188291001@s.whatsapp.net","xp":1009,"level":1},{"jid":"6285899860429@s.whatsapp.net","xp":503,"level":1},{"jid":"6281286940909@s.whatsapp.net","xp":4042,"level":1},{"jid":"6281289987773@s.whatsapp.net","xp":14130,"level":2},{"jid":"6281214018142@s.whatsapp.net","xp":2017,"level":1},{"jid":"6282278786252@s.whatsapp.net","xp":2523,"level":1},{"jid":"6289525618203@s.whatsapp.net","xp":8578,"level":2},{"jid":"6285892907491@s.whatsapp.net","xp":506,"level":1},{"jid":"6281261197155@s.whatsapp.net","xp":1006,"level":1},{"jid":"6281315995628@s.whatsapp.net","xp":7042,"level":2},{"jid":"6283174110806@s.whatsapp.net","xp":2017,"level":1},{"jid":"6283803414791@s.whatsapp.net","xp":17139,"level":3},{"jid":"6288263712739@s.whatsapp.net","xp":2520,"level":1},{"jid":"6282252922249@s.whatsapp.net","xp":5037,"level":2},{"jid":"6285890298925@s.whatsapp.net","xp":506,"level":1},{"jid":"6285210145812@s.whatsapp.net","xp":504,"level":1},{"jid":"6285215412434@s.whatsapp.net","xp":1007,"level":1},{"jid":"6287885640128@s.whatsapp.net","xp":3025,"level":1},{"jid":"62895398611030@s.whatsapp.net","xp":2027,"level":1},{"jid":"6281271040627@s.whatsapp.net","xp":2018,"level":1},{"jid":"6283168544837@s.whatsapp.net","xp":2015,"level":1},{"jid":"6281549553825@s.whatsapp.net","xp":503,"level":1},{"jid":"6287704509644@s.whatsapp.net","xp":14605,"level":2},{"jid":"6281210633381@s.whatsapp.net","xp":510,"level":1},{"jid":"62895396265120@s.whatsapp.net","xp":502,"level":1},{"jid":"6285378526020@s.whatsapp.net","xp":6051,"level":2},{"jid":"6281367223060@s.whatsapp.net","xp":7061,"level":2},{"jid":"6281549770242@s.whatsapp.net","xp":4037,"level":1},{"jid":"6282213554263@s.whatsapp.net","xp":2020,"level":1},{"jid":"6281334087900@s.whatsapp.net","xp":2013,"level":1},{"jid":"6289501549672@s.whatsapp.net","xp":4051,"level":1},{"jid":"6281938809230@s.whatsapp.net","xp":507,"level":1},{"jid":"6283195204270@s.whatsapp.net","xp":503,"level":1},{"jid":"6285865818199@s.whatsapp.net","xp":4542,"level":1},{"jid":"6282283484883@s.whatsapp.net","xp":505,"level":1},{"jid":"628113007234@s.whatsapp.net","xp":3028,"level":1},{"jid":"6285348127901@s.whatsapp.net","xp":1521,"level":1},{"jid":"6285889074523@s.whatsapp.net","xp":3523,"level":1},{"jid":"62887437005573@s.whatsapp.net","xp":3535,"level":1},{"jid":"6287877095061@s.whatsapp.net","xp":1005,"level":1},{"jid":"6289667873076@s.whatsapp.net","xp":504,"level":1},{"jid":"6282349559142@s.whatsapp.net","xp":503,"level":1},{"jid":"6287883450598@s.whatsapp.net","xp":1517,"level":1},{"jid":"6285875255543@s.whatsapp.net","xp":502,"level":1},{"jid":"6288221643548@s.whatsapp.net","xp":509,"level":1},{"jid":"6285749476273@s.whatsapp.net","xp":1512,"level":1},{"jid":"6281293523757@s.whatsapp.net","xp":10097,"level":2},{"jid":"6282251449382@s.whatsapp.net","xp":2022,"level":1},{"jid":"6287738181952@s.whatsapp.net","xp":13617,"level":2},{"jid":"6287795210460@s.whatsapp.net","xp":13131,"level":2},{"jid":"6289606093050@s.whatsapp.net","xp":2009,"level":1},{"jid":"6281229267664@s.whatsapp.net","xp":509,"level":1},{"jid":"6285341125201@s.whatsapp.net","xp":4046,"level":1},{"jid":"6282341777133@s.whatsapp.net","xp":1009,"level":1},{"jid":"6288803048349@s.whatsapp.net","xp":1008,"level":1},{"jid":"6285700525708@s.whatsapp.net","xp":1510,"level":1},{"jid":"6288705794314@s.whatsapp.net","xp":1508,"level":1},{"jid":"6289697801026@s.whatsapp.net","xp":4024,"level":1},{"jid":"6285607030630@s.whatsapp.net","xp":506,"level":1},{"jid":"6282246905185@s.whatsapp.net","xp":509,"level":1},{"jid":"6289635514713@s.whatsapp.net","xp":5556,"level":2},{"jid":"6288287275426@s.whatsapp.net","xp":1509,"level":1},{"jid":"6288269734560@s.whatsapp.net","xp":507,"level":1},{"jid":"6287864398141@s.whatsapp.net","xp":2521,"level":1},{"jid":"6282198688451@s.whatsapp.net","xp":505,"level":1},{"jid":"6285240056907@s.whatsapp.net","xp":502,"level":1},{"jid":"6282296542095@s.whatsapp.net","xp":1019,"level":1},{"jid":"60198947249@s.whatsapp.net","xp":502,"level":1},{"jid":"6285921435157@s.whatsapp.net","xp":505,"level":1},{"jid":"62895617079545@s.whatsapp.net","xp":504,"level":1},{"jid":"6282268995248@s.whatsapp.net","xp":1003,"level":1},{"jid":"60182530728@s.whatsapp.net","xp":509,"level":1},{"jid":"6287893478735@s.whatsapp.net","xp":1010,"level":1},{"jid":"6285776874705@s.whatsapp.net","xp":1015,"level":1},{"jid":"6287832160851@s.whatsapp.net","xp":17148,"level":3},{"jid":"6289602014045@s.whatsapp.net","xp":9069,"level":2},{"jid":"6282371320088@s.whatsapp.net","xp":2519,"level":1},{"jid":"6285156550286@s.whatsapp.net","xp":1012,"level":1},{"jid":"6281284590595@s.whatsapp.net","xp":6053,"level":2},{"jid":"6283115639962@s.whatsapp.net","xp":14121,"level":2},{"jid":"6281366459020@s.whatsapp.net","xp":504,"level":1},{"jid":"6285892959815@s.whatsapp.net","xp":2528,"level":1},{"jid":"6281315337719@s.whatsapp.net","xp":505,"level":1},{"jid":"6285692777888@s.whatsapp.net","xp":12605,"level":2},{"jid":"6281358721180@s.whatsapp.net","xp":1019,"level":1},{"jid":"12134937631@s.whatsapp.net","xp":509,"level":1},{"jid":"6283117675995@s.whatsapp.net","xp":3022,"level":1},{"jid":"6282317777855@s.whatsapp.net","xp":1011,"level":1},{"jid":"6282399042324@s.whatsapp.net","xp":506,"level":1},{"jid":"6285225273652@s.whatsapp.net","xp":2013,"level":1},{"jid":"6282272422233@s.whatsapp.net","xp":3013,"level":1},{"jid":"6285693566663@s.whatsapp.net","xp":1518,"level":1},{"jid":"62881036342802@s.whatsapp.net","xp":1009,"level":1},{"jid":"6289662126738@s.whatsapp.net","xp":1512,"level":1},{"jid":"6285781420102@s.whatsapp.net","xp":4043,"level":1},{"jid":"6289516859323@s.whatsapp.net","xp":1519,"level":1},{"jid":"6282289939701@s.whatsapp.net","xp":1012,"level":1},{"jid":"6281263712303@s.whatsapp.net","xp":506,"level":1},{"jid":"6283172901115@s.whatsapp.net","xp":1517,"level":1},{"jid":"6285779909255@s.whatsapp.net","xp":2519,"level":1},{"jid":"6282128958233@s.whatsapp.net","xp":42355,"level":4},{"jid":"6288809326540@s.whatsapp.net","xp":1011,"level":1},{"jid":"6281212951349@s.whatsapp.net","xp":2024,"level":1},{"jid":"6285741603616@s.whatsapp.net","xp":502,"level":1},{"jid":"628881129184@s.whatsapp.net","xp":1017,"level":1},{"jid":"6282159596498@s.whatsapp.net","xp":506,"level":1},{"jid":"6285803686227@s.whatsapp.net","xp":8086,"level":2},{"jid":"6287735307527@s.whatsapp.net","xp":2007,"level":1},{"jid":"6285753865101@s.whatsapp.net","xp":510,"level":1},{"jid":"6282269259898@s.whatsapp.net","xp":1508,"level":1},{"jid":"6287818529166@s.whatsapp.net","xp":1514,"level":1},{"jid":"6282112231088@s.whatsapp.net","xp":1014,"level":1},{"jid":"6283189515912@s.whatsapp.net","xp":504,"level":1},{"jid":"6281770802099@s.whatsapp.net","xp":504,"level":1},{"jid":"6285761813902@s.whatsapp.net","xp":508,"level":1},{"jid":"6283176573584@s.whatsapp.net","xp":1011,"level":1},{"jid":"628566332799@s.whatsapp.net","xp":501,"level":1},{"jid":"6289524597611@s.whatsapp.net","xp":502,"level":1},{"jid":"6281275545040@s.whatsapp.net","xp":502,"level":1},{"jid":"6285860036922@s.whatsapp.net","xp":507,"level":1},{"jid":"6288223616091@s.whatsapp.net","xp":501,"level":1},{"jid":"6289503740700@s.whatsapp.net","xp":2017,"level":1},{"jid":"6281259306401@s.whatsapp.net","xp":82748,"level":5},{"jid":"6285768105325@s.whatsapp.net","xp":166955,"level":6},{"jid":"6285335578357@s.whatsapp.net","xp":24749,"level":3},{"jid":"6285343788098@s.whatsapp.net","xp":315804,"level":7},{"jid":"6281335245293@s.whatsapp.net","xp":5556,"level":2},{"jid":"6282257315778@s.whatsapp.net","xp":6560,"level":2},{"jid":"62857303430648@s.whatsapp.net","xp":12110,"level":2},{"jid":"6285730343064@s.whatsapp.net","xp":11632,"level":2},{"jid":"62895360238106@s.whatsapp.net","xp":48431,"level":4},{"jid":"6282194625009@s.whatsapp.net","xp":509,"level":1},{"jid":"6289620622441@s.whatsapp.net","xp":29227,"level":3},{"jid":"6281915338075@s.whatsapp.net","xp":6035,"level":2},{"jid":"6285608649323@s.whatsapp.net","xp":6552,"level":2},{"jid":"6283111424731@s.whatsapp.net","xp":4555,"level":1},{"jid":"6285733673723@s.whatsapp.net","xp":3539,"level":1},{"jid":"6289697943391@s.whatsapp.net","xp":7048,"level":2},{"jid":"6285226253943@s.whatsapp.net","xp":46439,"level":4},{"jid":"6282138953842@s.whatsapp.net","xp":2023,"level":1},{"jid":"6285238869839@s.whatsapp.net","xp":23182,"level":3},{"jid":"6282316111126@s.whatsapp.net","xp":65058,"level":4},{"jid":"62882009496234@s.whatsapp.net","xp":124186,"level":5},{"jid":"628122316143@s.whatsapp.net","xp":9074,"level":2},{"jid":"6289510228042@s.whatsapp.net","xp":501,"level":1},{"jid":"62895610180902@s.whatsapp.net","xp":4538,"level":1},{"jid":"6283805211681@s.whatsapp.net","xp":15103,"level":3},{"jid":"6283815553033@s.whatsapp.net","xp":502,"level":1},{"jid":"6285869363640@s.whatsapp.net","xp":2536,"level":1},{"jid":"6283861241588@s.whatsapp.net","xp":2524,"level":1},{"jid":"6283831875060@s.whatsapp.net","xp":18160,"level":3},{"jid":"62895346863080@s.whatsapp.net","xp":508,"level":1},{"jid":"6282265025190@s.whatsapp.net","xp":1516,"level":1},{"jid":"6285102220200@s.whatsapp.net","xp":86315,"level":5},{"jid":"6285656615441@s.whatsapp.net","xp":130731,"level":5},{"jid":"6281299407894@s.whatsapp.net","xp":110034,"level":5},{"jid":"6285376750228@s.whatsapp.net","xp":48926,"level":4},{"jid":"6289671536140@s.whatsapp.net","xp":6058,"level":2},{"jid":"6282179487749@s.whatsapp.net","xp":28226,"level":3},{"jid":"62895603552142@s.whatsapp.net","xp":11603,"level":2},{"jid":"6283821123163@s.whatsapp.net","xp":1001,"level":1},{"jid":"6285263907242@s.whatsapp.net","xp":3531,"level":1},{"jid":"6285248163529@s.whatsapp.net","xp":42877,"level":4},{"jid":"6281286903854@s.whatsapp.net","xp":21200,"level":3},{"jid":"6287808877932@s.whatsapp.net","xp":510,"level":1},{"jid":"6281243450228@s.whatsapp.net","xp":11607,"level":2},{"jid":"6282340171603@s.whatsapp.net","xp":507,"level":1},{"jid":"6288980369208@s.whatsapp.net","xp":507,"level":1},{"jid":"6285781593920@s.whatsapp.net","xp":1013,"level":1},{"jid":"6282217665547@s.whatsapp.net","xp":1516,"level":1},{"jid":"6282267985757@s.whatsapp.net","xp":2520,"level":1},{"jid":"6285786449157@s.whatsapp.net","xp":2521,"level":1},{"jid":"601120567112@s.whatsapp.net","xp":509,"level":1},{"jid":"6285217034808@s.whatsapp.net","xp":7584,"level":2},{"jid":"62895703704777@s.whatsapp.net","xp":126652,"level":5},{"jid":"62895806297325@s.whatsapp.net","xp":43386,"level":4},{"jid":"6285273414185@s.whatsapp.net","xp":6539,"level":2},{"jid":"6287838417535@s.whatsapp.net","xp":34324,"level":3},{"jid":"6282288010005@s.whatsapp.net","xp":1008,"level":1},{"jid":"6285894001355@s.whatsapp.net","xp":501,"level":1},{"jid":"6283193915342@s.whatsapp.net","xp":24247,"level":3},{"jid":"6282119645249@s.whatsapp.net","xp":2528,"level":1},{"jid":"6282245615103@s.whatsapp.net","xp":1008,"level":1},{"jid":"6285861121753@s.whatsapp.net","xp":507,"level":1},{"jid":"6282358389609@s.whatsapp.net","xp":1510,"level":1},{"jid":"6285746979978@s.whatsapp.net","xp":5052,"level":2},{"jid":"6281229825151@s.whatsapp.net","xp":78189,"level":5},{"jid":"62881026882875@s.whatsapp.net","xp":9563,"level":2},{"jid":"6283199733727@s.whatsapp.net","xp":3545,"level":1},{"jid":"6288804502824@s.whatsapp.net","xp":1513,"level":1},{"jid":"6281381304488@s.whatsapp.net","xp":29258,"level":3},{"jid":"6283192274007@s.whatsapp.net","xp":2531,"level":1},{"jid":"6285264507263@s.whatsapp.net","xp":10094,"level":2},{"jid":"13477663958@s.whatsapp.net","xp":27231,"level":3},{"jid":"6282343852337@s.whatsapp.net","xp":1013,"level":1},{"jid":"6285753073831@s.whatsapp.net","xp":509,"level":1},{"jid":"6281524014548@s.whatsapp.net","xp":1005,"level":1},{"jid":"62895332474350@s.whatsapp.net","xp":1005,"level":1},{"jid":"6289695025115@s.whatsapp.net","xp":501,"level":1},{"jid":"628978552978@s.whatsapp.net","xp":7559,"level":2},{"jid":"6285823652687@s.whatsapp.net","xp":24261,"level":3},{"jid":"6281343212356@s.whatsapp.net","xp":13629,"level":2},{"jid":"6283806757069@s.whatsapp.net","xp":510,"level":1},{"jid":"6282155045023@s.whatsapp.net","xp":1516,"level":1},{"jid":"6285700690897@s.whatsapp.net","xp":501,"level":1},{"jid":"62895321081874@s.whatsapp.net","xp":503,"level":1},{"jid":"6281288173520@s.whatsapp.net","xp":113457,"level":5},{"jid":"6281347887156@s.whatsapp.net","xp":1506,"level":1},{"jid":"62895336528015@s.whatsapp.net","xp":34852,"level":3},{"jid":"6283183525527@s.whatsapp.net","xp":502,"level":1},{"jid":"6287884043364@s.whatsapp.net","xp":1011,"level":1},{"jid":"6285781003665@s.whatsapp.net","xp":1520,"level":1},{"jid":"6281348682876@s.whatsapp.net","xp":510,"level":1},{"jid":"6288212731102@s.whatsapp.net","xp":506,"level":1},{"jid":"6283170943182@s.whatsapp.net","xp":504,"level":1},{"jid":"62895328933557@s.whatsapp.net","xp":4539,"level":1},{"jid":"6281325413782@s.whatsapp.net","xp":502,"level":1},{"jid":"6281315824062@s.whatsapp.net","xp":503,"level":1},{"jid":"6285801371104@s.whatsapp.net","xp":1016,"level":1},{"jid":"6288238647016@s.whatsapp.net","xp":1016,"level":1},{"jid":"6281217150245@s.whatsapp.net","xp":507,"level":1},{"jid":"6285602585728@s.whatsapp.net","xp":502,"level":1},{"jid":"6281210893869@s.whatsapp.net","xp":10104,"level":2},{"jid":"6281573234106@s.whatsapp.net","xp":508,"level":1},{"jid":"6282283546552@s.whatsapp.net","xp":504,"level":1},{"jid":"6281260555521@s.whatsapp.net","xp":502,"level":1},{"jid":"6282268756903@s.whatsapp.net","xp":507,"level":1},{"jid":"62895385172413@s.whatsapp.net","xp":1007,"level":1}]